{
  "mse": 0.04491875574016556,
  "mae": 0.18342678079289076,
  "rmse": 0.21194045328857244
}