{
  "mse": 0.03537990818242067,
  "mae": 0.14471323982758702,
  "rmse": 0.18809547624124476
}