{
  "mse": 0.01868947845648022,
  "mae": 0.11409068523234066,
  "rmse": 0.13670946732571312
}