coin,model,mse,mae,rmse
bitcoin,random_forest,0.03537990818242067,0.14471323982758702,0.18809547624124476
ethereum,random_forest,0.01868947845648022,0.11409068523234066,0.13670946732571312
solana,random_forest,0.011758394891003453,0.08440354903243505,0.10843613277410558
binancecoin,random_forest,0.04491875574016556,0.18342678079289076,0.21194045328857244
ripple,random_forest,0.03003415321440421,0.15886464501790676,0.1733036445502639
