{
  "mse": 0.011758394891003453,
  "mae": 0.08440354903243505,
  "rmse": 0.10843613277410558
}