{
  "mse": 0.03003415321440421,
  "mae": 0.15886464501790676,
  "rmse": 0.1733036445502639
}